{
  "model_name": "thermal_ridge",
  "model_version": "20260713T191859Z",
  "trained_at": "2026-07-13T19:18:59.613120Z",
  "horizon_minutes": 10,
  "alpha": 1.0,
  "feature_names": [
    "temperature_c",
    "room_temperature_filled",
    "humidity_filled",
    "pressure_filled",
    "cooling_on",
    "temp_lag_1",
    "temp_lag_5",
    "temp_lag_10",
    "temp_lag_15",
    "temp_avg_5",
    "temp_avg_10",
    "temp_avg_15",
    "temp_slope_5",
    "temp_slope_10",
    "temp_slope_15",
    "room_temp_lag_5",
    "room_temp_avg_10",
    "cooling_minutes_on_last_10",
    "cooling_minutes_on_last_15",
    "hour",
    "day_of_week",
    "is_night",
    "room_temperature_missing",
    "humidity_missing",
    "pressure_missing"
  ],
  "coefficients": [
    0.12299296152158408,
    0.0,
    0.0,
    1.595390691748619e-14,
    -0.09536455515236847,
    0.043360853994941516,
    0.11632750016299401,
    0.09995115356153793,
    0.09737173864605309,
    0.046482630822619206,
    0.08634960715930039,
    -0.15170842800892162,
    0.02494604782544041,
    0.04334940571276635,
    0.031193589811327905,
    0.0,
    0.0,
    -0.09128036087342736,
    0.1387364867466193,
    -0.0019293614680317285,
    0.0028071911144727704,
    0.00018038442179529386,
    0.0,
    0.0,
    0.0
  ],
  "feature_means": [
    18.93224713362638,
    26.171112060546875,
    45.699310302734375,
    802.9910760530556,
    0.523533529972111,
    18.932232787412058,
    18.93238127073028,
    18.93302398113186,
    18.933953615819856,
    18.932278264911453,
    18.93238614844315,
    18.93273973480545,
    -0.0001341371039010226,
    -0.0007768475054802539,
    -0.001706482193478785,
    26.171112060546875,
    26.171112060546875,
    5.235427115492763,
    7.853484982382849,
    11.482514833985608,
    2.992034981809,
    0.45806888478268354,
    1.0,
    1.0,
    1.0
  ],
  "feature_scales": [
    0.4645488110670502,
    1.0,
    1.0,
    3.410605131648481e-13,
    0.49944586590245366,
    0.4645550180053057,
    0.46608054562550333,
    0.4803225702835688,
    0.4964691900797073,
    0.4626415447341787,
    0.4604836965048085,
    0.46030651694301883,
    0.11698239474350663,
    0.21055511818075467,
    0.28192229649958767,
    1.0,
    1.0,
    4.600363909866234,
    6.583460461701835,
    6.915641850648638,
    1.9997431067221731,
    0.49823867932611593,
    1.0,
    1.0,
    1.0
  ],
  "intercept": 18.93209649837601,
  "training_rows": 87131,
  "testing_rows": 21783,
  "total_rows": 108914,
  "metrics": {
    "baseline": {
      "mae": 0.114,
      "rmse": 0.1301,
      "max_abs_error": 1.625
    },
    "thermal_ridge": {
      "mae": 0.0887,
      "rmse": 0.113,
      "max_abs_error": 1.5709
    }
  },
  "ambient_missing_rows": {
    "room_temperature": 87880,
    "humidity": 87880,
    "pressure": 87880
  }
}
