{
  "model_name": "thermal_ridge",
  "model_version": "20260713T191900Z",
  "trained_at": "2026-07-13T19:19:00.038847Z",
  "horizon_minutes": 15,
  "alpha": 1.0,
  "feature_names": [
    "temperature_c",
    "room_temperature_filled",
    "humidity_filled",
    "pressure_filled",
    "cooling_on",
    "temp_lag_1",
    "temp_lag_5",
    "temp_lag_10",
    "temp_lag_15",
    "temp_avg_5",
    "temp_avg_10",
    "temp_avg_15",
    "temp_slope_5",
    "temp_slope_10",
    "temp_slope_15",
    "room_temp_lag_5",
    "room_temp_avg_10",
    "cooling_minutes_on_last_10",
    "cooling_minutes_on_last_15",
    "hour",
    "day_of_week",
    "is_night",
    "room_temperature_missing",
    "humidity_missing",
    "pressure_missing"
  ],
  "coefficients": [
    0.11313037927133898,
    0.0,
    0.0,
    5.244422768261831e-15,
    -0.11541124440331386,
    0.04860423828623911,
    0.10440656418063282,
    0.08887835367937011,
    0.09177785454214375,
    0.054348794158864934,
    -0.02605218682535913,
    -0.026965256385012494,
    0.03326428781033098,
    0.03918689776472914,
    0.02477945997564618,
    0.0,
    0.0,
    -0.14978368707099643,
    0.21988780442921457,
    -0.002334488196930018,
    0.0033712532439862898,
    -0.0008597553538444656,
    0.0,
    0.0,
    0.0
  ],
  "feature_means": [
    18.932192651650823,
    26.171112060546875,
    45.699310302734375,
    802.9910760530555,
    0.5235225237636038,
    18.93217973664876,
    18.93232610667218,
    18.933446841851495,
    18.933941199430592,
    18.932266410662628,
    18.932522414703588,
    18.932933111769298,
    -0.0001334550213528034,
    -0.0012541902006704322,
    -0.0017485477797676448,
    26.171112060546875,
    26.171112060546875,
    5.235305597648896,
    7.85307893649263,
    11.48198787711806,
    2.9917573586811774,
    0.4580176332828213,
    1.0,
    1.0,
    1.0
  ],
  "feature_scales": [
    0.4645968812452354,
    1.0,
    1.0,
    2.2737367544323206e-13,
    0.4994463843855421,
    0.46460262132875185,
    0.46614084661111993,
    0.48917102426352715,
    0.4965368116523109,
    0.4626853475562167,
    0.46181651805736174,
    0.4625905097781584,
    0.11699803018609489,
    0.23179450417618402,
    0.28204560440708293,
    1.0,
    1.0,
    4.600387634835212,
    6.583536297418251,
    6.915099528890198,
    1.999741918025873,
    0.49823436341226435,
    1.0,
    1.0,
    1.0
  ],
  "intercept": 18.931880539100888,
  "training_rows": 87108,
  "testing_rows": 21778,
  "total_rows": 108886,
  "metrics": {
    "baseline": {
      "mae": 0.1503,
      "rmse": 0.172,
      "max_abs_error": 1.75
    },
    "thermal_ridge": {
      "mae": 0.0982,
      "rmse": 0.1265,
      "max_abs_error": 1.78
    }
  },
  "ambient_missing_rows": {
    "room_temperature": 87862,
    "humidity": 87862,
    "pressure": 87862
  }
}
